-- phpMyAdmin SQL Dump
-- version 5.0.2
-- https://www.phpmyadmin.net/
--
-- Servidor: 127.0.0.1
-- Tiempo de generación: 25-03-2022 a las 23:39:42
-- Versión del servidor: 10.4.13-MariaDB
-- Versión de PHP: 7.4.8

SET SQL_MODE = "NO_AUTO_VALUE_ON_ZERO";
START TRANSACTION;
SET time_zone = "+00:00";


/*!40101 SET @OLD_CHARACTER_SET_CLIENT=@@CHARACTER_SET_CLIENT */;
/*!40101 SET @OLD_CHARACTER_SET_RESULTS=@@CHARACTER_SET_RESULTS */;
/*!40101 SET @OLD_COLLATION_CONNECTION=@@COLLATION_CONNECTION */;
/*!40101 SET NAMES utf8mb4 */;

--
-- Base de datos: `cine`
--

-- --------------------------------------------------------

--
-- Estructura de tabla para la tabla `funciones`
--

CREATE TABLE `funciones` (
  `id` int(11) NOT NULL,
  `id_pelicula` int(11) NOT NULL,
  `id_sala` int(11) NOT NULL,
  `fecha` varchar(255) NOT NULL,
  `hora` varchar(255) NOT NULL,
  `created_at` timestamp NOT NULL DEFAULT current_timestamp() ON UPDATE current_timestamp(),
  `updated_at` timestamp NULL DEFAULT NULL
) ENGINE=InnoDB DEFAULT CHARSET=utf8;

--
-- Volcado de datos para la tabla `funciones`
--

INSERT INTO `funciones` (`id`, `id_pelicula`, `id_sala`, `fecha`, `hora`, `created_at`, `updated_at`) VALUES
(1, 1, 1, '01 de abril del 2022', '5:00 pm', '2022-03-25 22:28:15', NULL),
(2, 2, 2, '01 de abril del 2022', '6:00 pm', '2022-03-25 22:29:24', NULL),
(3, 5, 2, '31 de marzo del 2022', '9:00 pm', '2022-03-25 22:30:00', NULL),
(4, 3, 1, '08 de abril del 2022', '7:00 pm', '2022-03-25 22:30:41', NULL),
(5, 4, 1, '09 de abril del 2022', '6:00 pm', '2022-03-25 22:31:12', NULL);

-- --------------------------------------------------------

--
-- Estructura de tabla para la tabla `generos`
--

CREATE TABLE `generos` (
  `id` int(11) NOT NULL,
  `genero` varchar(128) NOT NULL
) ENGINE=InnoDB DEFAULT CHARSET=utf8;

--
-- Volcado de datos para la tabla `generos`
--

INSERT INTO `generos` (`id`, `genero`) VALUES
(1, 'Acción'),
(2, 'Aventuras'),
(3, 'Ciencia Ficción'),
(4, 'Comedia'),
(5, 'Drama'),
(6, 'Fantasía'),
(7, 'Musical'),
(8, 'Suspenso'),
(9, 'Terror');

-- --------------------------------------------------------

--
-- Estructura de tabla para la tabla `peliculas`
--

CREATE TABLE `peliculas` (
  `id` int(11) NOT NULL,
  `id_genero` int(11) NOT NULL,
  `nombre` varchar(255) NOT NULL,
  `director` varchar(255) NOT NULL
) ENGINE=InnoDB DEFAULT CHARSET=utf8;

--
-- Volcado de datos para la tabla `peliculas`
--

INSERT INTO `peliculas` (`id`, `id_genero`, `nombre`, `director`) VALUES
(1, 2, 'Alicia en el pais de las maravillas', 'Clyde Geronimi, Wilfred Jackson, Hamilton Luske'),
(2, 6, 'Cenicienta', 'Clyde Geronimi, Wilfred Jackson, Hamilton Luske'),
(3, 1, 'Los Juegos del Hambre', 'Gary Ross'),
(4, 4, 'Son como niños', 'Dennis Dugan'),
(5, 5, 'El pianista', 'Roman Polanski');

-- --------------------------------------------------------

--
-- Estructura de tabla para la tabla `salas`
--

CREATE TABLE `salas` (
  `id` int(11) NOT NULL,
  `sala` varchar(64) NOT NULL
) ENGINE=InnoDB DEFAULT CHARSET=utf8;

--
-- Volcado de datos para la tabla `salas`
--

INSERT INTO `salas` (`id`, `sala`) VALUES
(1, 'Sala A'),
(2, 'Sala B');

--
-- Índices para tablas volcadas
--

--
-- Indices de la tabla `funciones`
--
ALTER TABLE `funciones`
  ADD PRIMARY KEY (`id`),
  ADD KEY `id_pelicula` (`id_pelicula`),
  ADD KEY `id_sala` (`id_sala`);

--
-- Indices de la tabla `generos`
--
ALTER TABLE `generos`
  ADD PRIMARY KEY (`id`);

--
-- Indices de la tabla `peliculas`
--
ALTER TABLE `peliculas`
  ADD PRIMARY KEY (`id`),
  ADD KEY `id_genero` (`id_genero`);

--
-- Indices de la tabla `salas`
--
ALTER TABLE `salas`
  ADD PRIMARY KEY (`id`);

--
-- AUTO_INCREMENT de las tablas volcadas
--

--
-- AUTO_INCREMENT de la tabla `funciones`
--
ALTER TABLE `funciones`
  MODIFY `id` int(11) NOT NULL AUTO_INCREMENT, AUTO_INCREMENT=6;

--
-- AUTO_INCREMENT de la tabla `generos`
--
ALTER TABLE `generos`
  MODIFY `id` int(11) NOT NULL AUTO_INCREMENT, AUTO_INCREMENT=10;

--
-- AUTO_INCREMENT de la tabla `peliculas`
--
ALTER TABLE `peliculas`
  MODIFY `id` int(11) NOT NULL AUTO_INCREMENT, AUTO_INCREMENT=6;

--
-- AUTO_INCREMENT de la tabla `salas`
--
ALTER TABLE `salas`
  MODIFY `id` int(11) NOT NULL AUTO_INCREMENT, AUTO_INCREMENT=3;

--
-- Restricciones para tablas volcadas
--

--
-- Filtros para la tabla `funciones`
--
ALTER TABLE `funciones`
  ADD CONSTRAINT `funciones_ibfk_1` FOREIGN KEY (`id_pelicula`) REFERENCES `peliculas` (`id`),
  ADD CONSTRAINT `funciones_ibfk_2` FOREIGN KEY (`id_sala`) REFERENCES `salas` (`id`);

--
-- Filtros para la tabla `peliculas`
--
ALTER TABLE `peliculas`
  ADD CONSTRAINT `peliculas_ibfk_1` FOREIGN KEY (`id_genero`) REFERENCES `generos` (`id`);
COMMIT;

/*!40101 SET CHARACTER_SET_CLIENT=@OLD_CHARACTER_SET_CLIENT */;
/*!40101 SET CHARACTER_SET_RESULTS=@OLD_CHARACTER_SET_RESULTS */;
/*!40101 SET COLLATION_CONNECTION=@OLD_COLLATION_CONNECTION */;
